{
  "name": "TaskScheduler",
  "keywords": "multitasking, cooperative, event, task, taskscheduler, scheduling",
  "description": "Cooperative multitasking for Arduino, ESPx, STM32 and other microcontrollers",
  "repository":
  {
    "type": "git",
    "url": "https://github.com/arkhipenko/TaskScheduler"
  },
  "authors":
  [
    {
      "name": "Anatoli Arkhipenko",
      "email": "arkhipenko@hotmail.com",
      "url": "https://github.com/arkhipenko",
      "maintainer": true
    }
  ],
  "version": "3.4.0",
  "frameworks": "arduino",
  "platforms": "*"
}
